model,strategy,recall,precision,f1,roc_auc,pr_auc
XGBoost,none,0.691,0.956,0.802,0.977,0.881
XGBoost,smote,0.7,0.935,0.801,0.977,0.88
XGBoost,class_weight,0.879,0.527,0.659,0.976,0.88
LightGBM,none,0.692,0.943,0.798,0.976,0.878
LightGBM,smote,0.7,0.93,0.799,0.976,0.877
LightGBM,class_weight,0.856,0.56,0.677,0.975,0.875
Random Forest,none,0.684,0.943,0.793,0.962,0.858
Random Forest,smote,0.748,0.756,0.751,0.966,0.858
Random Forest,class_weight,0.757,0.766,0.761,0.968,0.848
Logistic Regression,none,0.632,0.867,0.731,0.962,0.82
Logistic Regression,class_weight,0.881,0.431,0.578,0.962,0.819
Logistic Regression,smote,0.881,0.431,0.579,0.962,0.819
Dummy (baseline),none,0.084,0.085,0.084,0.498,0.088
