,,age_band,n,diabetic_n,recall,precision,f1,missed,gender,smoking_history,hypertension,heart_disease
age_band,0,<30,6493,72,0.653,0.979,0.783,25,,,,
age_band,1,30-44,3815,180,0.644,0.975,0.776,64,,,,
age_band,2,45-59,4318,520,0.683,0.949,0.794,165,,,,
age_band,3,60-74,3089,618,0.725,0.926,0.813,170,,,,
age_band,4,75+,1515,306,0.683,0.933,0.789,97,,,,
gender,0,,11344,929,0.695,0.943,0.8,283,Female,,,
gender,1,,7882,767,0.69,0.938,0.795,238,Male,,,
gender,2,,4,0,0.0,0.0,0.0,0,Other,,,
smoking_history,0,,6580,294,0.707,0.929,0.803,86,,No Info,,
smoking_history,1,,1848,213,0.718,0.968,0.825,60,,current,,
smoking_history,2,,831,102,0.539,0.982,0.696,47,,ever,,
smoking_history,3,,1823,309,0.676,0.917,0.778,100,,former,,
smoking_history,4,,6889,641,0.696,0.941,0.8,195,,never,,
smoking_history,5,,1259,137,0.759,0.954,0.846,33,,not current,,
hypertension,0,,17769,1304,0.686,0.947,0.796,409,,,0.0,
hypertension,1,,1461,392,0.714,0.921,0.805,112,,,1.0,
heart_disease,0,,18451,1460,0.684,0.946,0.794,462,,,,0.0
heart_disease,1,,779,236,0.75,0.912,0.823,59,,,,1.0
